<code_scheme name="Default" version="173">
  <ScalaCodeStyleSettings>
    <option name="classCountToUseImportOnDemand" value="15" />
    <option name="importLayout">
      <array>
        <option value="java" />
        <option value="_______ blank line _______" />
        <option value="scala" />
        <option value="_______ blank line _______" />
        <option value="all other imports" />
      </array>
    </option>
    <option name="importsWithPrefix">
      <array>
        <option value="exclude:scala.collection.mutable.ArrayBuffer" />
        <option value="exclude:scala.collection.mutable.Builder" />
        <option value="exclude:scala.collection.mutable.ListBuffer" />
        <option value="exclude:scala.collection.mutable.WrappedArray" />
        <option value="java.util.AbstractCollection" />
        <option value="java.util.AbstractList" />
        <option value="java.util.AbstractMap" />
        <option value="java.util.AbstractQueue" />
        <option value="java.util.AbstractSequentialList" />
        <option value="java.util.AbstractSet" />
        <option value="java.util.ArrayDeque" />
        <option value="java.util.ArrayList" />
        <option value="java.util.Arrays" />
        <option value="java.util.BitSet" />
        <option value="java.util.Collection" />
        <option value="java.util.Deque" />
        <option value="java.util.EnumMap" />
        <option value="java.util.EnumSet" />
        <option value="java.util.Enumeration" />
        <option value="java.util.HashMap" />
        <option value="java.util.HashSet" />
        <option value="java.util.Hashtable" />
        <option value="java.util.IdentityHashMap" />
        <option value="java.util.Iterator" />
        <option value="java.util.LinkedHashMap" />
        <option value="java.util.LinkedHashSet" />
        <option value="java.util.LinkedList" />
        <option value="java.util.List" />
        <option value="java.util.ListIterator" />
        <option value="java.util.Map" />
        <option value="java.util.NavigableMap" />
        <option value="java.util.NavigableSet" />
        <option value="java.util.Queue" />
        <option value="java.util.Set" />
        <option value="java.util.SortedMap" />
        <option value="java.util.SortedSet" />
        <option value="java.util.Stack" />
        <option value="java.util.SubList" />
        <option value="java.util.TreeMap" />
        <option value="java.util.TreeSet" />
        <option value="java.util.Vector" />
        <option value="java.util.WeakHashMap" />
        <option value="org.scalatest.fixture._" />
        <option value="org.scalatest.path._" />
        <option value="scala.collection.mutable._" />
        <option value="scala.reflect.macros.blackbox.Context" />
        <option value="scala.reflect.macros.whitebox.Context" />
      </array>
    </option>
    <option name="sortAsScalastyle" value="true" />
    <option name="PLACE_SELF_TYPE_ON_NEW_LINE" value="false" />
    <option name="ALIGN_IF_ELSE" value="true" />
    <option name="SPACE_BEFORE_TYPE_COLON" value="true" />
    <option name="SPACE_AFTER_TYPE_COLON" value="false" />
    <option name="BLANK_LINES_AROUND_METHOD_IN_INNER_SCOPES" value="0" />
    <option name="KEEP_ONE_LINE_LAMBDAS_IN_ARG_LIST" value="true" />
    <option name="USE_SCALADOC2_FORMATTING" value="true" />
    <option name="SPACES_AROUND_AT_IN_PATTERNS" value="true" />
    <option name="TYPE_ANNOTATION_IMPLICIT_MODIFIER" value="false" />
    <option name="TYPE_ANNOTATION_STRUCTURAL_TYPE" value="false" />
    <option name="TYPE_ANNOTATION_EXCLUDE_MEMBER_OF_ANONYMOUS_CLASS" value="true" />
    <option name="TYPE_ANNOTATION_EXCLUDE_MEMBER_OF_PRIVATE_CLASS" value="true" />
    <option name="TYPE_ANNOTATION_EXCLUDE_IN_TEST_SOURCES" value="true" />
    <option name="SD_BLANK_LINE_BEFORE_TAGS" value="false" />
    <option name="SD_KEEP_BLANK_LINES_BETWEEN_TAGS" value="true" />
  </ScalaCodeStyleSettings>
  <codeStyleSettings language="Scala">
    <option name="KEEP_FIRST_COLUMN_COMMENT" value="true" />
    <option name="KEEP_BLANK_LINES_IN_CODE" value="1" />
    <option name="KEEP_BLANK_LINES_BEFORE_RBRACE" value="1" />
    <option name="BLANK_LINES_AFTER_IMPORTS" value="3" />
    <option name="BLANK_LINES_AROUND_METHOD_IN_INTERFACE" value="0" />
    <option name="CLASS_BRACE_STYLE" value="5" />
    <option name="METHOD_BRACE_STYLE" value="5" />
    <option name="ALIGN_MULTILINE_PARAMETERS_IN_CALLS" value="true" />
    <option name="CALL_PARAMETERS_WRAP" value="1" />
    <option name="METHOD_PARAMETERS_WRAP" value="1" />
    <option name="EXTENDS_LIST_WRAP" value="1" />
    <option name="METHOD_CALL_CHAIN_WRAP" value="1" />
    <option name="KEEP_SIMPLE_BLOCKS_IN_ONE_LINE" value="true" />
    <option name="KEEP_SIMPLE_METHODS_IN_ONE_LINE" value="true" />
    <option name="FOR_STATEMENT_WRAP" value="1" />
    <option name="METHOD_ANNOTATION_WRAP" value="1" />
    <option name="FIELD_ANNOTATION_WRAP" value="1" />
    <indentOptions>
      <option name="INDENT_SIZE" value="4" />
      <option name="CONTINUATION_INDENT_SIZE" value="4" />
      <option name="TAB_SIZE" value="4" />
      <option name="USE_TAB_CHARACTER" value="true" />
      <option name="SMART_TABS" value="true" />
    </indentOptions>
    <arrangement>
      <rules>
        <section>
          <rule>
            <match>
              <AND>
                <CONSTRUCTOR />
                <PUBLIC />
              </AND>
            </match>
          </rule>
        </section>
        <section>
          <rule>
            <match>
              <AND>
                <CONSTRUCTOR />
                <PROTECTED />
              </AND>
            </match>
          </rule>
        </section>
        <section>
          <rule>
            <match>
              <AND>
                <CONSTRUCTOR />
                <PRIVATE />
              </AND>
            </match>
          </rule>
        </section>
        <section>
          <rule>
            <match>
              <CONSTRUCTOR />
            </match>
          </rule>
        </section>
        <section>
          <rule>
            <match>
              <AND>
                <SCALA_IMPLICIT />
                <SCALA_OBJECT />
              </AND>
            </match>
          </rule>
        </section>
        <section>
          <rule>
            <match>
              <AND>
                <PUBLIC>true</PUBLIC>
                <SCALA_FUNCTION />
                <SCALA_IMPLICIT />
              </AND>
            </match>
          </rule>
        </section>
        <section>
          <rule>
            <match>
              <AND>
                <PROTECTED />
                <SCALA_FUNCTION />
                <SCALA_IMPLICIT />
              </AND>
            </match>
          </rule>
        </section>
        <section>
          <rule>
            <match>
              <AND>
                <PRIVATE />
                <SCALA_FUNCTION />
                <SCALA_IMPLICIT />
              </AND>
            </match>
          </rule>
        </section>
        <section>
          <rule>
            <match>
              <AND>
                <CLASS />
                <SCALA_IMPLICIT />
              </AND>
            </match>
          </rule>
        </section>
        <section>
          <rule>
            <match>
              <AND>
                <FINAL />
                <PUBLIC />
                <SCALA_TYPE />
              </AND>
            </match>
          </rule>
        </section>
        <section>
          <rule>
            <match>
              <AND>
                <FINAL />
                <PROTECTED />
                <SCALA_TYPE />
              </AND>
            </match>
          </rule>
        </section>
        <section>
          <rule>
            <match>
              <AND>
                <FINAL />
                <PRIVATE />
                <SCALA_TYPE />
              </AND>
            </match>
          </rule>
        </section>
        <section>
          <rule>
            <match>
              <AND>
                <PUBLIC />
                <SCALA_TYPE />
              </AND>
            </match>
          </rule>
        </section>
        <section>
          <rule>
            <match>
              <AND>
                <PROTECTED />
                <SCALA_TYPE />
              </AND>
            </match>
          </rule>
        </section>
        <section>
          <rule>
            <match>
              <AND>
                <PRIVATE />
                <SCALA_TYPE />
              </AND>
            </match>
          </rule>
        </section>
        <section>
          <rule>
            <match>
              <AND>
                <FINAL>true</FINAL>
                <PUBLIC>true</PUBLIC>
                <SCALA_LAZY />
                <SCALA_VAL />
              </AND>
            </match>
          </rule>
        </section>
        <section>
          <rule>
            <match>
              <AND>
                <FINAL />
                <PROTECTED />
                <SCALA_LAZY />
                <SCALA_VAL />
              </AND>
            </match>
          </rule>
        </section>
        <section>
          <rule>
            <match>
              <AND>
                <FINAL />
                <PRIVATE />
                <SCALA_LAZY />
                <SCALA_VAL />
              </AND>
            </match>
          </rule>
        </section>
        <section>
          <rule>
            <match>
              <AND>
                <FINAL />
                <PUBLIC />
                <SCALA_VAL />
              </AND>
            </match>
          </rule>
        </section>
        <section>
          <rule>
            <match>
              <AND>
                <FINAL />
                <PROTECTED />
                <SCALA_VAL />
              </AND>
            </match>
          </rule>
        </section>
        <section>
          <rule>
            <match>
              <AND>
                <FINAL />
                <PRIVATE />
                <SCALA_VAL />
              </AND>
            </match>
          </rule>
        </section>
        <section>
          <rule>
            <match>
              <AND>
                <PUBLIC />
                <SCALA_LAZY />
                <SCALA_VAL />
              </AND>
            </match>
          </rule>
        </section>
        <section>
          <rule>
            <match>
              <AND>
                <PROTECTED />
                <SCALA_LAZY />
                <SCALA_VAL />
              </AND>
            </match>
          </rule>
        </section>
        <section>
          <rule>
            <match>
              <AND>
                <PRIVATE />
                <SCALA_LAZY />
                <SCALA_VAL />
              </AND>
            </match>
          </rule>
        </section>
        <section>
          <rule>
            <match>
              <AND>
                <ABSTRACT />
                <SCALA_VAL />
              </AND>
            </match>
          </rule>
        </section>
        <section>
          <rule>
            <match>
              <AND>
                <SCALA_OVERRIDE />
                <SCALA_VAL />
              </AND>
            </match>
          </rule>
        </section>
        <section>
          <rule>
            <match>
              <AND>
                <PUBLIC />
                <SCALA_VAL />
              </AND>
            </match>
          </rule>
        </section>
        <section>
          <rule>
            <match>
              <AND>
                <PROTECTED />
                <SCALA_VAL />
              </AND>
            </match>
          </rule>
        </section>
        <section>
          <rule>
            <match>
              <AND>
                <PRIVATE />
                <SCALA_VAL />
              </AND>
            </match>
          </rule>
        </section>
        <section>
          <rule>
            <match>
              <AND>
                <PUBLIC />
                <SCALA_OVERRIDE />
                <VAR />
              </AND>
            </match>
          </rule>
        </section>
        <section>
          <rule>
            <match>
              <AND>
                <PROTECTED />
                <SCALA_OVERRIDE />
                <VAR />
              </AND>
            </match>
          </rule>
        </section>
        <section>
          <rule>
            <match>
              <AND>
                <PRIVATE />
                <SCALA_OVERRIDE />
                <VAR />
              </AND>
            </match>
          </rule>
        </section>
        <section>
          <rule>
            <match>
              <AND>
                <PUBLIC />
                <VAR />
              </AND>
            </match>
          </rule>
        </section>
        <section>
          <rule>
            <match>
              <AND>
                <PROTECTED />
                <VAR />
              </AND>
            </match>
          </rule>
        </section>
        <section>
          <rule>
            <match>
              <AND>
                <PRIVATE />
                <VAR />
              </AND>
            </match>
          </rule>
        </section>
        <section>
          <rule>
            <match>
              <AND>
                <FINAL />
                <PUBLIC />
                <SCALA_FUNCTION />
                <SCALA_OVERRIDE />
              </AND>
            </match>
          </rule>
        </section>
        <section>
          <rule>
            <match>
              <AND>
                <FINAL />
                <PROTECTED />
                <SCALA_FUNCTION />
                <SCALA_OVERRIDE />
              </AND>
            </match>
          </rule>
        </section>
        <section>
          <rule>
            <match>
              <AND>
                <PUBLIC />
                <SCALA_FUNCTION />
              </AND>
            </match>
          </rule>
        </section>
        <section>
          <rule>
            <match>
              <AND>
                <PROTECTED />
                <SCALA_FUNCTION />
              </AND>
            </match>
          </rule>
        </section>
        <section>
          <rule>
            <match>
              <AND>
                <PRIVATE />
                <SCALA_FUNCTION />
              </AND>
            </match>
          </rule>
        </section>
        <section>
          <rule>
            <match>
              <AND>
                <PUBLIC />
                <SCALA_MACRO />
                <SCALA_OVERRIDE />
              </AND>
            </match>
          </rule>
        </section>
        <section>
          <rule>
            <match>
              <AND>
                <PROTECTED />
                <SCALA_MACRO />
                <SCALA_OVERRIDE />
              </AND>
            </match>
          </rule>
        </section>
        <section>
          <rule>
            <match>
              <AND>
                <PUBLIC />
                <SCALA_MACRO />
              </AND>
            </match>
          </rule>
        </section>
        <section>
          <rule>
            <match>
              <AND>
                <PROTECTED />
                <SCALA_MACRO />
              </AND>
            </match>
          </rule>
        </section>
        <section>
          <rule>
            <match>
              <AND>
                <PRIVATE />
                <SCALA_MACRO />
              </AND>
            </match>
          </rule>
        </section>
        <section>
          <rule>
            <match>
              <AND>
                <ABSTRACT />
                <PUBLIC />
                <SCALA_SEALED />
                <TRAIT />
              </AND>
            </match>
          </rule>
        </section>
        <section>
          <rule>
            <match>
              <AND>
                <ABSTRACT />
                <PROTECTED />
                <SCALA_SEALED />
                <TRAIT />
              </AND>
            </match>
          </rule>
        </section>
        <section>
          <rule>
            <match>
              <AND>
                <ABSTRACT />
                <PRIVATE />
                <SCALA_SEALED />
                <TRAIT />
              </AND>
            </match>
          </rule>
        </section>
        <section>
          <rule>
            <match>
              <AND>
                <ABSTRACT />
                <PUBLIC />
                <TRAIT />
              </AND>
            </match>
          </rule>
        </section>
        <section>
          <rule>
            <match>
              <AND>
                <ABSTRACT />
                <PROTECTED />
                <TRAIT />
              </AND>
            </match>
          </rule>
        </section>
        <section>
          <rule>
            <match>
              <AND>
                <ABSTRACT />
                <PRIVATE />
                <TRAIT />
              </AND>
            </match>
          </rule>
        </section>
        <section>
          <rule>
            <match>
              <AND>
                <PUBLIC />
                <SCALA_SEALED />
                <TRAIT />
              </AND>
            </match>
          </rule>
        </section>
        <section>
          <rule>
            <match>
              <AND>
                <PROTECTED />
                <SCALA_SEALED />
                <TRAIT />
              </AND>
            </match>
          </rule>
        </section>
        <section>
          <rule>
            <match>
              <AND>
                <PRIVATE />
                <SCALA_SEALED />
                <TRAIT />
              </AND>
            </match>
          </rule>
        </section>
        <section>
          <rule>
            <match>
              <AND>
                <PUBLIC />
                <TRAIT />
              </AND>
            </match>
          </rule>
        </section>
        <section>
          <rule>
            <match>
              <AND>
                <PROTECTED />
                <TRAIT />
              </AND>
            </match>
          </rule>
        </section>
        <section>
          <rule>
            <match>
              <AND>
                <PRIVATE />
                <TRAIT />
              </AND>
            </match>
          </rule>
        </section>
        <section>
          <rule>
            <match>
              <AND>
                <ABSTRACT />
                <CLASS />
                <PUBLIC />
                <SCALA_SEALED />
              </AND>
            </match>
          </rule>
        </section>
        <section>
          <rule>
            <match>
              <AND>
                <ABSTRACT />
                <CLASS />
                <PROTECTED />
                <SCALA_SEALED />
              </AND>
            </match>
          </rule>
        </section>
        <section>
          <rule>
            <match>
              <AND>
                <ABSTRACT />
                <CLASS />
                <PRIVATE />
                <SCALA_SEALED />
              </AND>
            </match>
          </rule>
        </section>
        <section>
          <rule>
            <match>
              <AND>
                <ABSTRACT />
                <CLASS />
                <PUBLIC />
              </AND>
            </match>
          </rule>
        </section>
        <section>
          <rule>
            <match>
              <AND>
                <ABSTRACT />
                <CLASS />
                <PROTECTED />
              </AND>
            </match>
          </rule>
        </section>
        <section>
          <rule>
            <match>
              <AND>
                <ABSTRACT />
                <CLASS />
                <PRIVATE />
              </AND>
            </match>
          </rule>
        </section>
        <section>
          <rule>
            <match>
              <AND>
                <CLASS />
                <PUBLIC />
                <SCALA_SEALED />
              </AND>
            </match>
          </rule>
        </section>
        <section>
          <rule>
            <match>
              <AND>
                <CLASS />
                <PROTECTED />
                <SCALA_SEALED />
              </AND>
            </match>
          </rule>
        </section>
        <section>
          <rule>
            <match>
              <AND>
                <CLASS />
                <PRIVATE />
                <SCALA_SEALED />
              </AND>
            </match>
          </rule>
        </section>
        <section>
          <rule>
            <match>
              <AND>
                <CLASS />
                <PUBLIC />
              </AND>
            </match>
          </rule>
        </section>
        <section>
          <rule>
            <match>
              <AND>
                <CLASS />
                <PROTECTED />
              </AND>
            </match>
          </rule>
        </section>
        <section>
          <rule>
            <match>
              <AND>
                <CLASS />
                <PRIVATE />
              </AND>
            </match>
          </rule>
        </section>
        <section>
          <rule>
            <match>
              <AND>
                <PUBLIC />
                <SCALA_OBJECT />
              </AND>
            </match>
          </rule>
        </section>
        <section>
          <rule>
            <match>
              <AND>
                <PROTECTED />
                <SCALA_OBJECT />
              </AND>
            </match>
          </rule>
        </section>
        <section>
          <rule>
            <match>
              <AND>
                <PRIVATE />
                <SCALA_OBJECT />
              </AND>
            </match>
          </rule>
        </section>
      </rules>
    </arrangement>
  </codeStyleSettings>
</code_scheme>