<keymap version="1" name="I-J-K-L" parent="$default">
  <action id="$Copy">
    <keyboard-shortcut first-keystroke="ctrl c" />
  </action>
  <action id="$Cut">
    <keyboard-shortcut first-keystroke="ctrl x" />
  </action>
  <action id="$Delete">
    <keyboard-shortcut first-keystroke="delete" />
    <keyboard-shortcut first-keystroke="ctrl alt page_up" />
    <keyboard-shortcut first-keystroke="alt x" />
  </action>
  <action id="$Paste">
    <keyboard-shortcut first-keystroke="ctrl v" />
  </action>
  <action id="$Redo">
    <keyboard-shortcut first-keystroke="shift ctrl z" />
  </action>
  <action id="$Undo">
    <keyboard-shortcut first-keystroke="ctrl z" />
  </action>
  <action id="ActivateBuildToolWindow">
    <keyboard-shortcut first-keystroke="alt 5" />
  </action>
  <action id="ActivateEventLogToolWindow">
    <keyboard-shortcut first-keystroke="shift alt 5" />
  </action>
  <action id="ActivateHierarchyToolWindow">
    <keyboard-shortcut first-keystroke="shift alt 7" />
  </action>
  <action id="ActivateLearnToolWindow">
    <keyboard-shortcut first-keystroke="shift alt 3" />
  </action>
  <action id="ActivateTerminalToolWindow">
    <keyboard-shortcut first-keystroke="alt f12" />
    <keyboard-shortcut first-keystroke="shift alt 8" />
  </action>
  <action id="ActivateVersionControlToolWindow">
    <keyboard-shortcut first-keystroke="alt 9" />
  </action>
  <action id="Activatesbt-shell-toolwindowToolWindow">
    <keyboard-shortcut first-keystroke="shift ctrl s" />
    <keyboard-shortcut first-keystroke="shift alt 4" />
  </action>
  <action id="ActivatesbtToolWindow">
    <keyboard-shortcut first-keystroke="alt 4" />
  </action>
  <action id="Annotate">
    <keyboard-shortcut first-keystroke="shift alt 2" />
  </action>
  <action id="ByteCodeDecompiler">
    <keyboard-shortcut first-keystroke="alt f11" />
  </action>
  <action id="ByteCodeViewer">
    <keyboard-shortcut first-keystroke="shift alt f11" />
  </action>
  <action id="CheckinFiles">
    <keyboard-shortcut first-keystroke="shift ctrl alt k" />
  </action>
  <action id="CheckinProject">
    <keyboard-shortcut first-keystroke="alt k" />
  </action>
  <action id="CollapseAllRegions">
    <keyboard-shortcut first-keystroke="shift ctrl subtract" />
    <keyboard-shortcut first-keystroke="shift ctrl alt minus" />
  </action>
  <action id="CollapseBlock">
    <keyboard-shortcut first-keystroke="ctrl alt comma" />
  </action>
  <action id="CollapseDocComments">
    <keyboard-shortcut first-keystroke="shift ctrl minus" />
  </action>
  <action id="CollapseSelection">
    <keyboard-shortcut first-keystroke="shift alt minus" />
  </action>
  <action id="CompareTwoFiles">
    <keyboard-shortcut first-keystroke="shift alt d" />
  </action>
  <action id="ConvertJavaToKotlin" />
  <action id="DelegateMethods">
    <keyboard-shortcut first-keystroke="alt d" />
  </action>
  <action id="Editor Delete">
    <keyboard-shortcut first-keystroke="ctrl alt page_up" />
    <keyboard-shortcut first-keystroke="alt x" />
  </action>
  <action id="EditorBackSpace">
    <keyboard-shortcut first-keystroke="back_space" />
    <keyboard-shortcut first-keystroke="ctrl alt page_down" />
  </action>
  <action id="EditorChooseLookupItemDot">
    <keyboard-shortcut first-keystroke="ctrl alt period" />
  </action>
  <action id="EditorDeleteLine">
    <keyboard-shortcut first-keystroke="ctrl y" />
    <keyboard-shortcut first-keystroke="ctrl alt semicolon" />
  </action>
  <action id="EditorDeleteToLineEnd">
    <keyboard-shortcut first-keystroke="shift alt delete" />
  </action>
  <action id="EditorDeleteToLineStart">
    <keyboard-shortcut first-keystroke="shift alt back_space" />
  </action>
  <action id="EditorDown">
    <keyboard-shortcut first-keystroke="down" />
    <keyboard-shortcut first-keystroke="ctrl k" />
  </action>
  <action id="EditorDownWithSelection">
    <keyboard-shortcut first-keystroke="shift down" />
    <keyboard-shortcut first-keystroke="shift ctrl k" />
  </action>
  <action id="EditorDuplicate">
    <keyboard-shortcut first-keystroke="shift ctrl insert" />
  </action>
  <action id="EditorEscape">
    <keyboard-shortcut first-keystroke="escape" />
    <keyboard-shortcut first-keystroke="ctrl back_slash" />
  </action>
  <action id="EditorHungryBackSpace">
    <keyboard-shortcut first-keystroke="shift back_space" />
  </action>
  <action id="EditorJoinLines">
    <keyboard-shortcut first-keystroke="shift alt j" />
  </action>
  <action id="EditorLeft">
    <keyboard-shortcut first-keystroke="left" />
    <keyboard-shortcut first-keystroke="ctrl j" />
  </action>
  <action id="EditorLeftWithSelection">
    <keyboard-shortcut first-keystroke="shift left" />
    <keyboard-shortcut first-keystroke="shift ctrl j" />
  </action>
  <action id="EditorLineEnd">
    <keyboard-shortcut first-keystroke="end" />
    <keyboard-shortcut first-keystroke="ctrl period" />
    <keyboard-shortcut first-keystroke="ctrl page_down" />
  </action>
  <action id="EditorLineEndWithSelection">
    <keyboard-shortcut first-keystroke="shift end" />
    <keyboard-shortcut first-keystroke="shift ctrl period" />
    <keyboard-shortcut first-keystroke="shift ctrl page_down" />
  </action>
  <action id="EditorLineStart">
    <keyboard-shortcut first-keystroke="home" />
    <keyboard-shortcut first-keystroke="ctrl comma" />
    <keyboard-shortcut first-keystroke="ctrl page_up" />
  </action>
  <action id="EditorLineStartWithSelection">
    <keyboard-shortcut first-keystroke="shift home" />
    <keyboard-shortcut first-keystroke="shift ctrl comma" />
    <keyboard-shortcut first-keystroke="shift ctrl page_up" />
  </action>
  <action id="EditorMatchBrace">
    <keyboard-shortcut first-keystroke="alt close_bracket" />
  </action>
  <action id="EditorMoveToPageBottom">
    <keyboard-shortcut first-keystroke="alt page_down" />
  </action>
  <action id="EditorMoveToPageBottomWithSelection">
    <keyboard-shortcut first-keystroke="shift alt page_down" />
  </action>
  <action id="EditorMoveToPageTop">
    <keyboard-shortcut first-keystroke="alt page_up" />
  </action>
  <action id="EditorMoveToPageTopWithSelection">
    <keyboard-shortcut first-keystroke="shift alt page_up" />
  </action>
  <action id="EditorNextWordInDifferentHumpsMode">
    <keyboard-shortcut first-keystroke="alt period" />
  </action>
  <action id="EditorNextWordInDifferentHumpsModeWithSelection">
    <keyboard-shortcut first-keystroke="shift alt period" />
  </action>
  <action id="EditorPageDown">
    <keyboard-shortcut first-keystroke="page_down" />
    <keyboard-shortcut first-keystroke="ctrl o" />
  </action>
  <action id="EditorPageDownWithSelection">
    <keyboard-shortcut first-keystroke="shift page_down" />
    <keyboard-shortcut first-keystroke="shift ctrl o" />
  </action>
  <action id="EditorPageUp">
    <keyboard-shortcut first-keystroke="page_up" />
    <keyboard-shortcut first-keystroke="ctrl u" />
  </action>
  <action id="EditorPageUpWithSelection">
    <keyboard-shortcut first-keystroke="shift page_up" />
    <keyboard-shortcut first-keystroke="shift ctrl u" />
  </action>
  <action id="EditorPreviousWordInDifferentHumpsMode">
    <keyboard-shortcut first-keystroke="alt comma" />
  </action>
  <action id="EditorPreviousWordInDifferentHumpsModeWithSelection">
    <keyboard-shortcut first-keystroke="shift alt comma" />
  </action>
  <action id="EditorRight">
    <keyboard-shortcut first-keystroke="right" />
    <keyboard-shortcut first-keystroke="ctrl l" />
  </action>
  <action id="EditorRightWithSelection">
    <keyboard-shortcut first-keystroke="shift right" />
    <keyboard-shortcut first-keystroke="shift ctrl l" />
  </action>
  <action id="EditorScrollDown">
    <keyboard-shortcut first-keystroke="shift alt down" />
  </action>
  <action id="EditorScrollLeft">
    <keyboard-shortcut first-keystroke="shift alt left" />
  </action>
  <action id="EditorScrollRight">
    <keyboard-shortcut first-keystroke="shift alt right" />
  </action>
  <action id="EditorScrollUp">
    <keyboard-shortcut first-keystroke="shift alt up" />
  </action>
  <action id="EditorSelectLine">
    <keyboard-shortcut first-keystroke="shift ctrl semicolon" />
  </action>
  <action id="EditorToggleCase">
    <keyboard-shortcut first-keystroke="shift alt u" />
  </action>
  <action id="EditorUp">
    <keyboard-shortcut first-keystroke="up" />
    <keyboard-shortcut first-keystroke="ctrl i" />
  </action>
  <action id="EditorUpWithSelection">
    <keyboard-shortcut first-keystroke="shift up" />
    <keyboard-shortcut first-keystroke="shift ctrl i" />
  </action>
  <action id="ExpandAllRegions">
    <keyboard-shortcut first-keystroke="shift ctrl add" />
    <keyboard-shortcut first-keystroke="shift ctrl alt equals" />
  </action>
  <action id="ExpandDocComments">
    <keyboard-shortcut first-keystroke="shift ctrl equals" />
  </action>
  <action id="ExtractClass">
    <keyboard-shortcut first-keystroke="ctrl alt d" />
  </action>
  <action id="Find">
    <keyboard-shortcut first-keystroke="ctrl f" />
  </action>
  <action id="FindNext">
    <keyboard-shortcut first-keystroke="f3" />
  </action>
  <action id="FindPrevious">
    <keyboard-shortcut first-keystroke="shift f3" />
  </action>
  <action id="GotoCustomRegion">
    <keyboard-shortcut first-keystroke="ctrl alt back_slash" />
  </action>
  <action id="GotoSuperMethod">
    <keyboard-shortcut first-keystroke="alt u" />
  </action>
  <action id="ImplementMethods">
    <keyboard-shortcut first-keystroke="alt i" />
  </action>
  <action id="ImplicitConversionMenu.ExpandImplicits">
    <keyboard-shortcut first-keystroke="shift ctrl alt q" />
  </action>
  <action id="ImplicitConversionMenu.ShowImplicits">
    <keyboard-shortcut first-keystroke="shift alt q" />
  </action>
  <action id="InsertLiveTemplate">
    <keyboard-shortcut first-keystroke="alt j" />
  </action>
  <action id="IntroduceTypeParameter">
    <keyboard-shortcut first-keystroke="ctrl alt t" />
  </action>
  <action id="InvertBoolean">
    <keyboard-shortcut first-keystroke="ctrl alt 1" />
  </action>
  <action id="JumpToLastChange">
    <keyboard-shortcut first-keystroke="ctrl alt e" />
  </action>
  <action id="JumpToNextChange">
    <keyboard-shortcut first-keystroke="shift ctrl alt e" />
  </action>
  <action id="LocalHistory.PutLabel">
    <keyboard-shortcut first-keystroke="shift alt l" />
  </action>
  <action id="LocalHistory.ShowHistory">
    <keyboard-shortcut first-keystroke="shift alt h" />
  </action>
  <action id="MemberPushDown">
    <keyboard-shortcut first-keystroke="shift ctrl alt page_down" />
  </action>
  <action id="MembersPullUp">
    <keyboard-shortcut first-keystroke="shift ctrl alt page_up" />
  </action>
  <action id="MoveElementLeft">
    <keyboard-shortcut first-keystroke="shift ctrl alt left" />
    <keyboard-shortcut first-keystroke="shift ctrl alt comma" />
  </action>
  <action id="MoveElementRight">
    <keyboard-shortcut first-keystroke="shift ctrl alt right" />
    <keyboard-shortcut first-keystroke="shift ctrl alt period" />
  </action>
  <action id="MoveLineDown">
    <keyboard-shortcut first-keystroke="ctrl down" />
  </action>
  <action id="MoveLineUp">
    <keyboard-shortcut first-keystroke="ctrl up" />
  </action>
  <action id="NewDir">
    <keyboard-shortcut first-keystroke="alt p" />
  </action>
  <action id="OverrideMethods">
    <keyboard-shortcut first-keystroke="alt o" />
  </action>
  <action id="PasteMultiple">
    <keyboard-shortcut first-keystroke="shift ctrl v" />
  </action>
  <action id="QuickImplementations">
    <keyboard-shortcut first-keystroke="shift ctrl d" />
  </action>
  <action id="Scala.DecompileToJava">
    <keyboard-shortcut first-keystroke="ctrl alt f11" />
  </action>
  <action id="Scala.Desugar">
    <keyboard-shortcut first-keystroke="shift ctrl alt d" />
  </action>
  <action id="Scala.GenerateCompanionObject">
    <keyboard-shortcut first-keystroke="shift alt o" />
  </action>
  <action id="Scala.NewClass">
    <keyboard-shortcut first-keystroke="ctrl insert" />
  </action>
  <action id="Scala.NewPackageObject">
    <keyboard-shortcut first-keystroke="shift alt p" />
  </action>
  <action id="Scala.RunConsole">
    <keyboard-shortcut first-keystroke="ctrl alt r" />
  </action>
  <action id="Scala.Sbt.ShowSetting">
    <keyboard-shortcut first-keystroke="shift alt v" />
  </action>
  <action id="Scala.Sbt.ShowTask">
    <keyboard-shortcut first-keystroke="shift alt equals" />
  </action>
  <action id="Scala.ShowImplicits">
    <keyboard-shortcut first-keystroke="shift ctrl alt equals" />
    <keyboard-shortcut first-keystroke="shift ctrl alt add" />
  </action>
  <action id="ScalaConsole.Clean">
    <keyboard-shortcut first-keystroke="shift ctrl alt delete" />
  </action>
  <action id="SelectNextOccurrence">
    <keyboard-shortcut first-keystroke="alt f3" />
  </action>
  <action id="ShelveChanges.UnshelveWithDialog">
    <keyboard-shortcut first-keystroke="shift ctrl alt u" />
  </action>
  <action id="ShowRecentTests">
    <keyboard-shortcut first-keystroke="shift alt semicolon" />
  </action>
  <action id="SplitHorizontally">
    <keyboard-shortcut first-keystroke="alt minus" />
  </action>
  <action id="SplitVertically">
    <keyboard-shortcut first-keystroke="alt back_slash" />
  </action>
  <action id="SurroundWith">
    <keyboard-shortcut first-keystroke="alt open_bracket" />
  </action>
  <action id="UnselectPreviousOccurrence">
    <keyboard-shortcut first-keystroke="shift alt f3" />
  </action>
  <action id="Vcs.Log.FocusTextFilter">
    <keyboard-shortcut first-keystroke="alt f" />
  </action>
  <action id="Vcs.Log.GoToRef">
    <keyboard-shortcut first-keystroke="ctrl f" />
  </action>
  <action id="Vcs.Push">
    <keyboard-shortcut first-keystroke="shift alt k" />
  </action>
  <action id="Vcs.UpdateProject">
    <keyboard-shortcut first-keystroke="shift alt t" />
  </action>
  <action id="context.load" />
  <action id="hg4idea.QFold" />
  <action id="hg4idea.QPushAction" />
  <action id="tasks.switch">
    <keyboard-shortcut first-keystroke="ctrl t" />
  </action>
</keymap>