<application>
  <component name="ApplicationCodeStyleSettingsMigration">
    <option name="version" value="1" />
  </component>
  <component name="ScalaApplicationSettings">
    <option name="INTRODUCE_VARIABLE_EXPLICIT_TYPE" value="false" />
    <option name="COPY_SCALADOC" value="false" />
    <option name="SPECIFY_RETURN_TYPE_EXPLICITLY" value="REMOVE" />
    <option name="RENAME_SEARCH_IN_COMMENTS_AND_STRINGS" value="true" />
    <option name="RENAME_SEARCH_IN_NON_CODE_FILES" value="true" />
    <option name="SUGGEST_IMPLICIT_HINTS" value="false" />
  </component>
  <component name="TypeAwareHighlightingApplicationState">
    <option name="SUGGEST_TYPE_AWARE_HIGHLIGHTING_ENABLED" value="true" />
  </component>
</application>