<application>
  <component name="EditorSettings">
    <option name="IS_DND_ENABLED" value="false" />
  </component>
  <component name="TodoConfiguration">
    <pattern pattern="\btodo:.*" />
    <pattern icon="important" useCustomColors="true" pattern="\bfixme\b.*">
      <option name="FOREGROUND" value="8a1e3c" />
      <option name="FONT_TYPE" value="3" />
      <option name="ERROR_STRIPE_COLOR" value="8a1e3c" />
    </pattern>
    <pattern icon="question" pattern="\bt'?isstupid\b.*" />
    <pattern useCustomColors="true" pattern="\bcaution:.*">
      <option name="FOREGROUND" value="563dff" />
      <option name="FONT_TYPE" value="2" />
      <option name="EFFECT_TYPE" value="1" />
    </pattern>
    <pattern icon="question" useCustomColors="true" pattern="\bconsider:.*">
      <option name="FOREGROUND" value="a56950" />
      <option name="FONT_TYPE" value="2" />
      <option name="ERROR_STRIPE_COLOR" value="c37e5c" />
    </pattern>
  </component>
</application>