<application>
  <component name="ProjectManager">
    <defaultProject>
      <component name="SbtLocalSettings">
        <option name="projectSyncType">
          <map>
            <entry key="C:/porn/bitpicker" value="PREVIEW" />
            <entry key="C:/porn/oldsql" value="PREVIEW" />
            <entry key="C:/porn/palimpsest" value="PREVIEW" />
            <entry key="C:/porn/slang" value="PREVIEW" />
          </map>
        </option>
      </component>
      <component name="ScalaSbtSettings">
        <option name="customVMPath" />
        <option name="maximumHeapSize" value="2048" />
      </component>
      <component name="masterDetails">
        <states>
          <state key="ProjectJDKs.UI">
            <settings>
              <last-edited>10</last-edited>
              <splitter-proportions>
                <option name="proportions">
                  <list>
                    <option value="0.2" />
                  </list>
                </option>
              </splitter-proportions>
            </settings>
          </state>
        </states>
      </component>
    </defaultProject>
  </component>
</application>